Geographic Area,Daily Cases,Total  Confirmed Cases,Recovered by Region,Still infectious by Region,Number of Deaths,Date
"SOUTH COUNTY UNINCORPORATED AREA includes communities of Montecito, Summerland and the City of Carpinteria",1,188,179,2,7,"September 18, 2020"
CITY OF SANTA BARBARA and the unincorporated area of Mission Canyon,6,1189,1156,20,13,"September 18, 2020"
CITY OF GOLETA,1,246,234,8,4,"September 18, 2020"
COMMUNITY OF ISLA VISTA,2,209,187,21,1,"September 18, 2020"
UNINCORPORATED AREA OF THE GOLETA VALLEY AND GAVIOTA,0,192,183,8,1,"September 18, 2020"
"SANTA YNEZ VALLEY including the Cities of Solvang & Buellton, and the communities of Santa Ynez, Los Alamos, Los Olivos and Ballard",0,142,130,7,5,"September 18, 2020"
CITY OF LOMPOC and the communities of Mission Hills and Vandenberg Village,8,793,757,28,8,"September 18, 2020"
FEDERAL PRISON IN LOMPOC,2,1026,1021,2,3,"September 18, 2020"
CITY OF SANTA MARIA,17,3795,3682,52,60,"September 18, 2020"
COMMUNITY OF ORCUTT,0,305,294,8,3,"September 18, 2020"
"UNINCORPORATED AREAS of Sisquoc, Casmalia, Garey,  Cuyama, New Cuyama, and the City of Guadalupe",3,388,371,12,5,"September 18, 2020"
Out of County,0,0,0,0,0,"September 18, 2020"
Pending,3,373,362,11,0,"September 18, 2020"
Total**,43,8846,8556,180,110,"September 18, 2020"
"SOUTH COUNTY UNINCORPORATED AREA includes communities of Montecito, Summerland and the City of Carpinteria",0,187,179,1,7,"September 17, 2020"
CITY OF SANTA BARBARA and the unincorporated area of Mission Canyon,4,1183,1147,23,13,"September 17, 2020"
CITY OF GOLETA,0,245,232,9,4,"September 17, 2020"
COMMUNITY OF ISLA VISTA,7,207,182,24,1,"September 17, 2020"
UNINCORPORATED AREA OF THE GOLETA VALLEY AND GAVIOTA,0,192,181,10,1,"September 17, 2020"
"SANTA YNEZ VALLEY including the Cities of Solvang & Buellton, and the communities of Santa Ynez, Los Alamos, Los Olivos and Ballard",0,142,129,8,5,"September 17, 2020"
CITY OF LOMPOC and the communities of Mission Hills and Vandenberg Village,4,785,755,22,8,"September 17, 2020"
FEDERAL PRISON IN LOMPOC,0,1024,1021,0,3,"September 17, 2020"
CITY OF SANTA MARIA,4,3778,3673,46,59,"September 17, 2020"
COMMUNITY OF ORCUTT,0,305,293,9,3,"September 17, 2020"
"UNINCORPORATED AREAS of Sisquoc, Casmalia, Garey,  Cuyama, New Cuyama, and the City of Guadalupe",0,385,371,9,5,"September 17, 2020"
Out of County,0,0,0,0,0,"September 17, 2020"
Pending,0,370,359,15,0,"September 17, 2020"
Total**,19,8803,8522,172,109,"September 17, 2020"
"SOUTH COUNTY UNINCORPORATED AREA includes communities of Montecito, Summerland and the City of Carpinteria",0,187,179,1,7,"September 16, 2020"
CITY OF SANTA BARBARA and the unincorporated area of Mission Canyon,2,1179,1146,20,13,"September 16, 2020"
CITY OF GOLETA,3,245,232,9,4,"September 16, 2020"
COMMUNITY OF ISLA VISTA,7,200,179,20,1,"September 16, 2020"
UNINCORPORATED AREA OF THE GOLETA VALLEY AND GAVIOTA,3,192,180,11,1,"September 16, 2020"
"SANTA YNEZ VALLEY including the Cities of Solvang & Buellton, and the communities of Santa Ynez, Los Alamos, Los Olivos and Ballard",1,142,129,8,5,"September 16, 2020"
CITY OF LOMPOC and the communities of Mission Hills and Vandenberg Village,6,781,755,18,8,"September 16, 2020"
FEDERAL PRISON IN LOMPOC,0,1024,1021,0,3,"September 16, 2020"
CITY OF SANTA MARIA,10,3774,3662,53,59,"September 16, 2020"
COMMUNITY OF ORCUTT,7,305,290,12,3,"September 16, 2020"
"UNINCORPORATED AREAS of Sisquoc, Casmalia, Garey,  Cuyama, New Cuyama, and the City of Guadalupe",2,385,368,12,5,"September 16, 2020"
Out of County,0,0,0,0,0,"September 16, 2020"
Pending,3,371,356,15,0,"September 16, 2020"
Total**,44,8785,8497,179,109,"September 16, 2020"
"SOUTH COUNTY UNINCORPORATED AREA includes communities of Montecito, Summerland and the City of Carpinteria",0,187,179,1,7,"September 15, 2020"
CITY OF SANTA BARBARA and the unincorporated area of Mission Canyon,2,1177,1146,19,12,"September 15, 2020"
CITY OF GOLETA,0,242,231,7,4,"September 15, 2020"
COMMUNITY OF ISLA VISTA,6,193,182,10,1,"September 15, 2020"
UNINCORPORATED AREA OF THE GOLETA VALLEY AND GAVIOTA,1,189,180,8,1,"September 15, 2020"
"SANTA YNEZ VALLEY including the Cities of Solvang & Buellton, and the communities of Santa Ynez, Los Alamos, Los Olivos and Ballard",0,141,130,7,4,"September 15, 2020"
CITY OF LOMPOC and the communities of Mission Hills and Vandenberg Village,0,775,749,18,8,"September 15, 2020"
FEDERAL PRISON IN LOMPOC,0,1024,1021,0,3,"September 15, 2020"
CITY OF SANTA MARIA,12,3764,3661,44,59,"September 15, 2020"
COMMUNITY OF ORCUTT,3,298,287,8,3,"September 15, 2020"
"UNINCORPORATED AREAS of Sisquoc, Casmalia, Garey,  Cuyama, New Cuyama, and the City of Guadalupe",1,383,367,11,5,"September 15, 2020"
Out of County,0,0,0,0,0,"September 15, 2020"
Pending,1,368,352,16,0,"September 15, 2020"
Total**,26,8741,8485,149,107,"September 15, 2020"
"SOUTH COUNTY UNINCORPORATED AREA includes communities of Montecito, Summerland and the City of Carpinteria",0,186,179,1,7,"September 14, 2020"
CITY OF SANTA BARBARA and the unincorporated area of Mission Canyon,2,1167,1141,22,12,"September 14, 2020"
CITY OF GOLETA,3,240,229,9,4,"September 14, 2020"
COMMUNITY OF ISLA VISTA,3,186,171,15,1,"September 14, 2020"
UNINCORPORATED AREA OF THE GOLETA VALLEY AND GAVIOTA,0,187,179,8,1,"September 14, 2020"
"SANTA YNEZ VALLEY including the Cities of Solvang & Buellton, and the communities of Santa Ynez, Los Alamos, Los Olivos and Ballard",1,138,126,10,4,"September 14, 2020"
CITY OF LOMPOC and the communities of Mission Hills and Vandenberg Village,6,770,747,20,8,"September 14, 2020"
FEDERAL PRISON IN LOMPOC,0,1024,1021,0,3,"September 14, 2020"
CITY OF SANTA MARIA,0,3748,3654,40,58,"September 14, 2020"
COMMUNITY OF ORCUTT,2,293,286,6,3,"September 14, 2020"
"UNINCORPORATED AREAS of Sisquoc, Casmalia, Garey,  Cuyama, New Cuyama, and the City of Guadalupe",2,380,362,15,5,"September 14, 2020"
Out of County,0,0,0,0,0,"September 14, 2020"
Pending,4,399,355,16,0,"September 14, 2020"
Total**,23,8718,8450,162,106,"September 14, 2020"
"SOUTH COUNTY UNINCORPORATED AREA includes communities of Montecito, Summerland and the City of Carpinteria",0,185,177,1,7,"September 11, 2020"
CITY OF SANTA BARBARA and the unincorporated area of Mission Canyon,12,1160,1122,26,12,"September 11, 2020"
CITY OF GOLETA,2,233,219,10,4,"September 11, 2020"
COMMUNITY OF ISLA VISTA,6,180,163,16,1,"September 11, 2020"
UNINCORPORATED AREA OF THE GOLETA VALLEY AND GAVIOTA,1,183,175,7,1,"September 11, 2020"
"SANTA YNEZ VALLEY including the Cities of Solvang & Buellton, and the communities of Santa Ynez, Los Alamos, Los Olivos and Ballard",2,131,121,8,4,"September 11, 2020"
CITY OF LOMPOC and the communities of Mission Hills and Vandenberg Village,3,753,727,18,8,"September 11, 2020"
FEDERAL PRISON IN LOMPOC,0,1024,1020,1,3,"September 11, 2020"
CITY OF SANTA MARIA,5,3715,3607,51,57,"September 11, 2020"
COMMUNITY OF ORCUTT,0,287,275,9,3,"September 11, 2020"
"UNINCORPORATED AREAS of Sisquoc, Casmalia, Garey,  Cuyama, New Cuyama, and the City of Guadalupe",0,368,358,5,5,"September 11, 2020"
Out of County,0,0,0,0,0,"September 11, 2020"
Pending,2,387,356,31,0,"September 11, 2020"
Total**,30,8608,8320,183,105,"September 11, 2020"
"SOUTH COUNTY UNINCORPORATED AREA includes communities of Montecito, Summerland and the City of Carpinteria",0,185,174,4,7,"September 10, 2020"
CITY OF SANTA BARBARA and the unincorporated area of Mission Canyon,4,1148,1112,24,12,"September 10, 2020"
CITY OF GOLETA,2,231,219,8,4,"September 10, 2020"
COMMUNITY OF ISLA VISTA,6,178,163,14,1,"September 10, 2020"
UNINCORPORATED AREA OF THE GOLETA VALLEY AND GAVIOTA,1,182,174,7,1,"September 10, 2020"
"SANTA YNEZ VALLEY including the Cities of Solvang & Buellton, and the communities of Santa Ynez, Los Alamos, Los Olivos and Ballard",3,131,118,9,4,"September 10, 2020"
CITY OF LOMPOC and the communities of Mission Hills and Vandenberg Village,3,750,718,24,8,"September 10, 2020"
FEDERAL PRISON IN LOMPOC,0,1024,1020,1,3,"September 10, 2020"
CITY OF SANTA MARIA,5,3708,3590,63,55,"September 10, 2020"
COMMUNITY OF ORCUTT,2,287,274,10,3,"September 10, 2020"
"UNINCORPORATED AREAS of Sisquoc, Casmalia, Garey,  Cuyama, New Cuyama, and the City of Guadalupe",1,368,357,6,5,"September 10, 2020"
Out of County,0,0,0,0,0,"September 10, 2020"
Pending,3,387,355,32,0,"September 10, 2020"
Total**,30,8579,8274,202,103,"September 10, 2020"
"SOUTH COUNTY UNINCORPORATED AREA includes communities of Montecito, Summerland and the City of Carpinteria",0,185,172,6,7,"September 9, 2020"
CITY OF SANTA BARBARA and the unincorporated area of Mission Canyon,5,1144,1106,26,12,"September 9, 2020"
CITY OF GOLETA,2,229,217,8,4,"September 9, 2020"
COMMUNITY OF ISLA VISTA,4,172,158,13,1,"September 9, 2020"
UNINCORPORATED AREA OF THE GOLETA VALLEY AND GAVIOTA,3,181,174,6,1,"September 9, 2020"
"SANTA YNEZ VALLEY including the Cities of Solvang & Buellton, and the communities of Santa Ynez, Los Alamos, Los Olivos and Ballard",2,128,119,7,2,"September 9, 2020"
CITY OF LOMPOC and the communities of Mission Hills and Vandenberg Village,5,748,704,36,8,"September 9, 2020"
FEDERAL PRISON IN LOMPOC,1,1024,1020,1,3,"September 9, 2020"
CITY OF SANTA MARIA,17,3702,3572,77,53,"September 9, 2020"
COMMUNITY OF ORCUTT,2,285,272,10,3,"September 9, 2020"
"UNINCORPORATED AREAS of Sisquoc, Casmalia, Garey,  Cuyama, New Cuyama, and the City of Guadalupe",2,367,356,6,5,"September 9, 2020"
Out of County,0,0,0,0,0,"September 9, 2020"
Pending,8,385,350,35,0,"September 9, 2020"
Total**,51,8550,8220,231,99,"September 9, 2020"
"SOUTH COUNTY UNINCORPORATED AREA includes communities of Montecito, Summerland and the City of Carpinteria",0,185,172,6,7,"September 8, 2020"
CITY OF SANTA BARBARA and the unincorporated area of Mission Canyon,1,1139,1100,27,12,"September 8, 2020"
CITY OF GOLETA,0,227,215,8,4,"September 8, 2020"
COMMUNITY OF ISLA VISTA,0,168,153,14,1,"September 8, 2020"
UNINCORPORATED AREA OF THE GOLETA VALLEY AND GAVIOTA,0,178,174,3,1,"September 8, 2020"
"SANTA YNEZ VALLEY including the Cities of Solvang & Buellton, and the communities of Santa Ynez, Los Alamos, Los Olivos and Ballard",0,126,119,5,2,"September 8, 2020"
CITY OF LOMPOC and the communities of Mission Hills and Vandenberg Village,0,743,698,37,8,"September 8, 2020"
FEDERAL PRISON IN LOMPOC,0,1023,1020,0,3,"September 8, 2020"
CITY OF SANTA MARIA,0,3685,3564,70,51,"September 8, 2020"
COMMUNITY OF ORCUTT,0,283,271,9,3,"September 8, 2020"
"UNINCORPORATED AREAS of Sisquoc, Casmalia, Garey,  Cuyama, New Cuyama, and the City of Guadalupe",0,365,354,6,5,"September 8, 2020"
Out of County,0,0,0,0,0,"September 8, 2020"
Pending,2,377,346,31,0,"September 8, 2020"
Total**,3,8499,8186,216,97,"September 8, 2020"
"SOUTH COUNTY UNINCORPORATED AREA includes communities of Montecito, Summerland and the City of Carpinteria",2,181,171,3,7,"September 4, 2020"
CITY OF SANTA BARBARA and the unincorporated area of Mission Canyon,3,1123,1081,30,12,"September 4, 2020"
CITY OF GOLETA,0,216,211,1,4,"September 4, 2020"
COMMUNITY OF ISLA VISTA,1,161,148,12,1,"September 4, 2020"
UNINCORPORATED AREA OF THE GOLETA VALLEY AND GAVIOTA,2,176,157,18,1,"September 4, 2020"
"SANTA YNEZ VALLEY including the Cities of Solvang & Buellton, and the communities of Santa Ynez, Los Alamos, Los Olivos and Ballard",1,122,115,5,2,"September 4, 2020"
CITY OF LOMPOC and the communities of Mission Hills and Vandenberg Village,23,723,677,38,8,"September 4, 2020"
FEDERAL PRISON IN LOMPOC,0,1023,1018,2,3,"September 4, 2020"
CITY OF SANTA MARIA,26,3651,3522,78,51,"September 4, 2020"
COMMUNITY OF ORCUTT,0,274,267,4,3,"September 4, 2020"
"UNINCORPORATED AREAS of Sisquoc, Casmalia, Garey,  Cuyama, New Cuyama, and the City of Guadalupe",1,360,346,9,5,"September 4, 2020"
Out of County,0,0,0,0,0,"September 4, 2020"
Pending,5,351,327,24,0,"September 4, 2020"
Total**,64,8361,8040,224,97,"September 4, 2020"
"SOUTH COUNTY UNINCORPORATED AREA includes communities of Montecito, Summerland and the City of Carpinteria",0,179,171,1,7,"September 3, 2020"
CITY OF SANTA BARBARA and the unincorporated area of Mission Canyon,8,1122,1078,32,12,"September 3, 2020"
CITY OF GOLETA,0,217,211,2,4,"September 3, 2020"
COMMUNITY OF ISLA VISTA,7,160,147,12,1,"September 3, 2020"
UNINCORPORATED AREA OF THE GOLETA VALLEY AND GAVIOTA,1,174,155,18,1,"September 3, 2020"
"SANTA YNEZ VALLEY including the Cities of Solvang & Buellton, and the communities of Santa Ynez, Los Alamos, Los Olivos and Ballard",0,121,113,6,2,"September 3, 2020"
CITY OF LOMPOC and the communities of Mission Hills and Vandenberg Village,25,700,653,39,8,"September 3, 2020"
FEDERAL PRISON IN LOMPOC,1,1023,1017,3,3,"September 3, 2020"
CITY OF SANTA MARIA,21,3625,3506,68,51,"September 3, 2020"
COMMUNITY OF ORCUTT,2,274,265,6,3,"September 3, 2020"
"UNINCORPORATED AREAS of Sisquoc, Casmalia, Garey,  Cuyama, New Cuyama, and the City of Guadalupe",1,359,344,10,5,"September 3, 2020"
Out of County,0,0,0,0,0,"September 3, 2020"
Pending,5,346,324,22,0,"September 3, 2020"
Total**,71,8300,7984,219,97,"September 3, 2020"
"SOUTH COUNTY UNINCORPORATED AREA includes communities of Montecito, Summerland and the City of Carpinteria",1,179,170,2,7,"September 2, 2020"
CITY OF SANTA BARBARA and the unincorporated area of Mission Canyon,16,1114,1072,30,12,"September 2, 2020"
CITY OF GOLETA,1,217,209,4,4,"September 2, 2020"
COMMUNITY OF ISLA VISTA,5,153,146,6,1,"September 2, 2020"
UNINCORPORATED AREA OF THE GOLETA VALLEY AND GAVIOTA,1,173,150,22,1,"September 2, 2020"
"SANTA YNEZ VALLEY including the Cities of Solvang & Buellton, and the communities of Santa Ynez, Los Alamos, Los Olivos and Ballard",2,121,110,9,2,"September 2, 2020"
CITY OF LOMPOC and the communities of Mission Hills and Vandenberg Village,14,675,632,35,8,"September 2, 2020"
FEDERAL PRISON IN LOMPOC,0,1022,1016,3,3,"September 2, 2020"
CITY OF SANTA MARIA,14,3604,3474,79,51,"September 2, 2020"
COMMUNITY OF ORCUTT,2,272,261,8,3,"September 2, 2020"
"UNINCORPORATED AREAS of Sisquoc, Casmalia, Garey,  Cuyama, New Cuyama, and the City of Guadalupe",2,358,337,16,5,"September 2, 2020"
Out of County,0,0,0,0,0,"September 2, 2020"
Pending,8,341,320,21,0,"September 2, 2020"
Total**,66,8229,7897,235,97,"September 2, 2020"
"SOUTH COUNTY UNINCORPORATED AREA includes communities of Montecito, Summerland and the City of Carpinteria",0,178,168,4,6,"September 1, 2020"
CITY OF SANTA BARBARA and the unincorporated area of Mission Canyon,1,1093,1061,21,11,"September 1, 2020"
CITY OF GOLETA,0,212,205,3,4,"September 1, 2020"
COMMUNITY OF ISLA VISTA,0,146,141,4,1,"September 1, 2020"
UNINCORPORATED AREA OF THE GOLETA VALLEY AND GAVIOTA,0,171,148,22,1,"September 1, 2020"
"SANTA YNEZ VALLEY including the Cities of Solvang & Buellton, and the communities of Santa Ynez, Los Alamos, Los Olivos and Ballard",1,119,109,8,2,"September 1, 2020"
CITY OF LOMPOC and the communities of Mission Hills and Vandenberg Village,1,654,623,23,8,"September 1, 2020"
FEDERAL PRISON IN LOMPOC,3,1022,1016,3,3,"September 1, 2020"
CITY OF SANTA MARIA,11,3574,3442,81,51,"September 1, 2020"
COMMUNITY OF ORCUTT,1,269,259,7,3,"September 1, 2020"
"UNINCORPORATED AREAS of Sisquoc, Casmalia, Garey,  Cuyama, New Cuyama, and the City of Guadalupe",3,351,330,16,5,"September 1, 2020"
Out of County,0,0,0,0,0,"September 1, 2020"
Pending,2,375,358,17,0,"September 1, 2020"
Total**,23,8164,7860,209,95,"September 1, 2020"
"SOUTH COUNTY UNINCORPORATED AREA includes communities of Montecito, Summerland and the City of Carpinteria",1,178,168,4,6,"August 31, 2020"
CITY OF SANTA BARBARA and the unincorporated area of Mission Canyon,6,1092,1054,27,11,"August 31, 2020"
CITY OF GOLETA,1,212,204,4,4,"August 31, 2020"
COMMUNITY OF ISLA VISTA,3,146,139,6,1,"August 31, 2020"
UNINCORPORATED AREA OF THE GOLETA VALLEY AND GAVIOTA,1,171,145,25,1,"August 31, 2020"
"SANTA YNEZ VALLEY including the Cities of Solvang & Buellton, and the communities of Santa Ynez, Los Alamos, Los Olivos and Ballard",1,118,108,8,2,"August 31, 2020"
CITY OF LOMPOC and the communities of Mission Hills and Vandenberg Village,11,653,617,28,8,"August 31, 2020"
FEDERAL PRISON IN LOMPOC,0,1019,1016,0,3,"August 31, 2020"
CITY OF SANTA MARIA,18,3564,3429,85,50,"August 31, 2020"
COMMUNITY OF ORCUTT,2,268,257,8,3,"August 31, 2020"
"UNINCORPORATED AREAS of Sisquoc, Casmalia, Garey,  Cuyama, New Cuyama, and the City of Guadalupe",1,349,331,114,4,"August 31, 2020"
Out of County,0,0,0,0,0,"August 31, 2020"
Pending,1,373,354,19,0,"August 31, 2020"
Total**,46,8143,7822,228,93,"August 31, 2020"
"SOUTH COUNTY UNINCORPORATED AREA includes communities of Montecito, Summerland and the City of Carpinteria",1,176,166,4,6,"August 28, 2020"
CITY OF SANTA BARBARA and the unincorporated area of Mission Canyon,5,1077,1025,40,12,"August 28, 2020"
CITY OF GOLETA,2,207,198,6,3,"August 28, 2020"
COMMUNITY OF ISLA VISTA,1,142,137,4,1,"August 28, 2020"
UNINCORPORATED AREA OF THE GOLETA VALLEY AND GAVIOTA,4,155,141,13,1,"August 28, 2020"
"SANTA YNEZ VALLEY including the Cities of Solvang & Buellton, and the communities of Santa Ynez, Los Alamos, Los Olivos and Ballard",3,113,100,11,2,"August 28, 2020"
CITY OF LOMPOC and the communities of Mission Hills and Vandenberg Village,8,637,605,24,8,"August 28, 2020"
FEDERAL PRISON IN LOMPOC,0,1019,1016,0,3,"August 28, 2020"
CITY OF SANTA MARIA,32,3536,3385,103,48,"August 28, 2020"
COMMUNITY OF ORCUTT,5,260,249,7,4,"August 28, 2020"
"UNINCORPORATED AREAS of Sisquoc, Casmalia, Garey,  Cuyama, New Cuyama, and the City of Guadalupe",5,332,317,11,4,"August 28, 2020"
Out of County,0,0,0,0,0,"August 28, 2020"
Pending,1,360,337,23,0,"August 28, 2020"
Total**,67,8014,7676,246,92,"August 28, 2020"
"SOUTH COUNTY UNINCORPORATED AREA includes communities of Montecito, Summerland and the City of Carpinteria",2,175,163,6,6,"August 27, 2020"
CITY OF SANTA BARBARA and the unincorporated area of Mission Canyon,3,1072,1023,37,12,"August 27, 2020"
CITY OF GOLETA,1,205,197,5,3,"August 27, 2020"
COMMUNITY OF ISLA VISTA,0,141,136,4,1,"August 27, 2020"
UNINCORPORATED AREA OF THE GOLETA VALLEY AND GAVIOTA,2,151,141,9,1,"August 27, 2020"
"SANTA YNEZ VALLEY including the Cities of Solvang & Buellton, and the communities of Santa Ynez, Los Alamos, Los Olivos and Ballard",2,110,94,14,2,"August 27, 2020"
CITY OF LOMPOC and the communities of Mission Hills and Vandenberg Village,4,629,602,19,8,"August 27, 2020"
FEDERAL PRISON IN LOMPOC,0,1019,1016,0,3,"August 27, 2020"
CITY OF SANTA MARIA,16,3508,3367,94,47,"August 27, 2020"
COMMUNITY OF ORCUTT,1,255,246,5,4,"August 27, 2020"
"UNINCORPORATED AREAS of Sisquoc, Casmalia, Garey,  Cuyama, New Cuyama, and the City of Guadalupe",0,327,315,8,4,"August 27, 2020"
Out of County,0,0,0,0,0,"August 27, 2020"
Pending,4,359,332,27,0,"August 27, 2020"
Total**,35,7951,7632,228,91,"August 27, 2020"
"SOUTH COUNTY UNINCORPORATED AREA includes communities of Montecito, Summerland and the City of Carpinteria",0,173,162,5,6,"August 26, 2020"
CITY OF SANTA BARBARA and the unincorporated area of Mission Canyon,13,1069,1015,42,12,"August 26, 2020"
CITY OF GOLETA,1,204,195,6,3,"August 26, 2020"
COMMUNITY OF ISLA VISTA,1,141,132,8,1,"August 26, 2020"
UNINCORPORATED AREA OF THE GOLETA VALLEY AND GAVIOTA,3,149,140,8,1,"August 26, 2020"
"SANTA YNEZ VALLEY including the Cities of Solvang & Buellton, and the communities of Santa Ynez, Los Alamos, Los Olivos and Ballard",3,108,92,14,2,"August 26, 2020"
CITY OF LOMPOC and the communities of Mission Hills and Vandenberg Village,1,625,595,23,7,"August 26, 2020"
FEDERAL PRISON IN LOMPOC,0,1019,1016,0,3,"August 26, 2020"
CITY OF SANTA MARIA,17,3492,3353,92,47,"August 26, 2020"
COMMUNITY OF ORCUTT,0,254,244,6,4,"August 26, 2020"
"UNINCORPORATED AREAS of Sisquoc, Casmalia, Garey,  Cuyama, New Cuyama, and the City of Guadalupe",4,327,315,8,4,"August 26, 2020"
Out of County,0,0,0,0,0,"August 26, 2020"
Pending,4,355,326,29,0,"August 26, 2020"
Total**,47,7916,7585,241,90,"August 26, 2020"
"SOUTH COUNTY UNINCORPORATED AREA includes communities of Montecito, Summerland and the City of Carpinteria",1,173,162,5,6,"August 25, 2020"
CITY OF SANTA BARBARA and the unincorporated area of Mission Canyon,7,1056,1008,37,11,"August 25, 2020"
CITY OF GOLETA,1,203,192,8,3,"August 25, 2020"
COMMUNITY OF ISLA VISTA,0,140,131,8,1,"August 25, 2020"
UNINCORPORATED AREA OF THE GOLETA VALLEY AND GAVIOTA,1,146,140,5,1,"August 25, 2020"
"SANTA YNEZ VALLEY including the Cities of Solvang & Buellton, and the communities of Santa Ynez, Los Alamos, Los Olivos and Ballard",2,105,92,11,2,"August 25, 2020"
CITY OF LOMPOC and the communities of Mission Hills and Vandenberg Village,17,624,593,24,7,"August 25, 2020"
FEDERAL PRISON IN LOMPOC,0,1019,1016,0,3,"August 25, 2020"
CITY OF SANTA MARIA,34,3475,3335,93,47,"August 25, 2020"
COMMUNITY OF ORCUTT,2,254,243,7,4,"August 25, 2020"
"UNINCORPORATED AREAS of Sisquoc, Casmalia, Garey,  Cuyama, New Cuyama, and the City of Guadalupe",1,323,313,6,4,"August 25, 2020"
Out of County,0,0,0,0,0,"August 25, 2020"
Pending,4,351,326,25,0,"August 25, 2020"
Total**,70,7869,7551,229,89,"August 25, 2020"
"SOUTH COUNTY UNINCORPORATED AREA includes communities of Montecito, Summerland and the City of Carpinteria",1,173,162,5,6,"August 25, 2020"
CITY OF SANTA BARBARA and the unincorporated area of Mission Canyon,7,1056,1008,37,11,"August 25, 2020"
CITY OF GOLETA,1,203,192,8,3,"August 25, 2020"
COMMUNITY OF ISLA VISTA,0,140,131,8,1,"August 25, 2020"
UNINCORPORATED AREA OF THE GOLETA VALLEY AND GAVIOTA,1,146,140,5,1,"August 25, 2020"
"SANTA YNEZ VALLEY including the Cities of Solvang & Buellton, and the communities of Santa Ynez, Los Alamos, Los Olivos and Ballard",2,105,92,11,2,"August 25, 2020"
CITY OF LOMPOC and the communities of Mission Hills and Vandenberg Village,17,624,593,24,7,"August 25, 2020"
FEDERAL PRISON IN LOMPOC,0,1019,1016,0,3,"August 25, 2020"
CITY OF SANTA MARIA,34,3475,3335,93,47,"August 25, 2020"
COMMUNITY OF ORCUTT,2,254,243,7,4,"August 25, 2020"
"UNINCORPORATED AREAS of Sisquoc, Casmalia, Garey,  Cuyama, New Cuyama, and the City of Guadalupe",1,323,313,6,4,"August 25, 2020"
Out of County,0,0,0,0,0,"August 25, 2020"
Pending,4,351,326,25,0,"August 25, 2020"
Total**,70,7869,7551,229,89,"August 25, 2020"
"SOUTH COUNTY UNINCORPORATED AREA includes communities of Montecito, Summerland and the City of Carpinteria",1,172,162,4,6,"August 24, 2020"
CITY OF SANTA BARBARA and the unincorporated area of Mission Canyon,12,1049,996,42,11,"August 24, 2020"
CITY OF GOLETA,2,202,189,10,3,"August 24, 2020"
COMMUNITY OF ISLA VISTA,1,141,130,10,1,"August 24, 2020"
UNINCORPORATED AREA OF THE GOLETA VALLEY AND GAVIOTA,4,145,136,8,1,"August 24, 2020"
"SANTA YNEZ VALLEY including the Cities of Solvang & Buellton, and the communities of Santa Ynez, Los Alamos, Los Olivos and Ballard",2,103,88,13,2,"August 24, 2020"
CITY OF LOMPOC and the communities of Mission Hills and Vandenberg Village,5,607,577,23,7,"August 24, 2020"
FEDERAL PRISON IN LOMPOC,0,1019,1016,0,3,"August 24, 2020"
CITY OF SANTA MARIA,27,3441,3307,87,47,"August 24, 2020"
COMMUNITY OF ORCUTT,1,252,242,6,4,"August 24, 2020"
"UNINCORPORATED AREAS of Sisquoc, Casmalia, Garey,  Cuyama, New Cuyama, and the City of Guadalupe",0,322,312,7,3,"August 24, 2020"
Out of County,0,0,0,0,0,"August 24, 2020"
Pending,6,347,324,23,0,"August 24, 2020"
Total**,61,7800,7479,233,88,"August 24, 2020"
"SOUTH COUNTY UNINCORPORATED AREA includes communities of Montecito, Summerland and the City of Carpinteria",1,169,162,1,6,"August 21, 2020"
CITY OF SANTA BARBARA and the unincorporated area of Mission Canyon,12,1015,972,33,10,"August 21, 2020"
CITY OF GOLETA,7,199,183,13,3,"August 21, 2020"
COMMUNITY OF ISLA VISTA,4,135,124,10,1,"August 21, 2020"
UNINCORPORATED AREA OF THE GOLETA VALLEY AND GAVIOTA,0,139,127,11,1,"August 21, 2020"
"SANTA YNEZ VALLEY including the Cities of Solvang & Buellton, and the communities of Santa Ynez, Los Alamos, Los Olivos and Ballard",6,97,85,10,2,"August 21, 2020"
CITY OF LOMPOC and the communities of Mission Hills and Vandenberg Village,6,590,557,26,7,"August 21, 2020"
FEDERAL PRISON IN LOMPOC,0,1019,1016,0,3,"August 21, 2020"
CITY OF SANTA MARIA,25,3387,3257,83,47,"August 21, 2020"
COMMUNITY OF ORCUTT,4,247,232,11,4,"August 21, 2020"
"UNINCORPORATED AREAS of Sisquoc, Casmalia, Garey,  Cuyama, New Cuyama, and the City of Guadalupe",6,322,299,20,3,"August 21, 2020"
Out of County,0,0,0,0,0,"August 21, 2020"
Pending,10,334,298,36,0,"August 21, 2020"
Total**,81,7653,7312,254,87,"August 21, 2020"
"SOUTH COUNTY UNINCORPORATED AREA includes communities of Montecito, Summerland and the City of Carpinteria",1,169,161,2,6,"August 20, 2020"
CITY OF SANTA BARBARA and the unincorporated area of Mission Canyon,13,1003,962,31,10,"August 20, 2020"
CITY OF GOLETA,4,193,182,8,3,"August 20, 2020"
COMMUNITY OF ISLA VISTA,2,131,114,16,1,"August 20, 2020"
UNINCORPORATED AREA OF THE GOLETA VALLEY AND GAVIOTA,0,139,127,11,1,"August 20, 2020"
"SANTA YNEZ VALLEY including the Cities of Solvang & Buellton, and the communities of Santa Ynez, Los Alamos, Los Olivos and Ballard",4,91,84,5,2,"August 20, 2020"
CITY OF LOMPOC and the communities of Mission Hills and Vandenberg Village,6,585,553,25,7,"August 20, 2020"
FEDERAL PRISON IN LOMPOC,0,1019,1016,0,3,"August 20, 2020"
CITY OF SANTA MARIA,30,3364,3251,69,44,"August 20, 2020"
COMMUNITY OF ORCUTT,1,244,231,9,4,"August 20, 2020"
"UNINCORPORATED AREAS of Sisquoc, Casmalia, Garey,  Cuyama, New Cuyama, and the City of Guadalupe",3,316,297,16,3,"August 20, 2020"
Out of County,0,0,0,0,0,"August 20, 2020"
Pending,7 ,324,291,33,0,"August 20, 2020"
Total**,71,7578,7269,225,84,"August 20, 2020"
"SOUTH COUNTY UNINCORPORATED AREA includes communities of Montecito, Summerland and the City of Carpinteria",0,168,161,1,6,"August 19, 2020"
CITY OF SANTA BARBARA and the unincorporated area of Mission Canyon,4,991,954,27,10,"August 19, 2020"
CITY OF GOLETA,2,189,180,6,3,"August 19, 2020"
COMMUNITY OF ISLA VISTA,1,128,108,20,0,"August 19, 2020"
UNINCORPORATED AREA OF THE GOLETA VALLEY AND GAVIOTA,2,139,126,12,1,"August 19, 2020"
"SANTA YNEZ VALLEY including the Cities of Solvang & Buellton, and the communities of Santa Ynez, Los Alamos, Los Olivos and Ballard",0,87,84,1,2,"August 19, 2020"
CITY OF LOMPOC and the communities of Mission Hills and Vandenberg Village,2,579,544,28,7,"August 19, 2020"
FEDERAL PRISON IN LOMPOC,0,1019,1016,0,3,"August 19, 2020"
CITY OF SANTA MARIA,9,3334,3212,79,43,"August 19, 2020"
COMMUNITY OF ORCUTT,3,243,231,8,4,"August 19, 2020"
"UNINCORPORATED AREAS of Sisquoc, Casmalia, Garey,  Cuyama, New Cuyama, and the City of Guadalupe",2,313,296,14,3,"August 19, 2020"
Out of County,0,0,0,0,0,"August 19, 2020"
Pending,2,318,284,34,0,"August 19, 2020"
Total**,27,7508,7196,230,82,"August 19, 2020"
"SOUTH COUNTY UNINCORPORATED AREA includes communities of Montecito, Summerland and the City of Carpinteria",0,168,160,2,6,"August 18, 2020"
CITY OF SANTA BARBARA and the unincorporated area of Mission Canyon,6,985,944,31,10,"August 18, 2020"
CITY OF GOLETA,2,187,177,7,3,"August 18, 2020"
COMMUNITY OF ISLA VISTA,0,127,105,22,0,"August 18, 2020"
UNINCORPORATED AREA OF THE GOLETA VALLEY AND GAVIOTA,6,137,126,10,1,"August 18, 2020"
"SANTA YNEZ VALLEY including the Cities of Solvang & Buellton, and the communities of Santa Ynez, Los Alamos, Los Olivos and Ballard",0,87,83,2,2,"August 18, 2020"
CITY OF LOMPOC and the communities of Mission Hills and Vandenberg Village,2,576,539,30,7,"August 18, 2020"
FEDERAL PRISON IN LOMPOC,0,1019,1016,0,3,"August 18, 2020"
CITY OF SANTA MARIA,2,3324,3191,91,42,"August 18, 2020"
COMMUNITY OF ORCUTT,0,240,230,6,4,"August 18, 2020"
"UNINCORPORATED AREAS of Sisquoc, Casmalia, Garey,  Cuyama, New Cuyama, and the City of Guadalupe",0,311,290,18,3,"August 18, 2020"
Out of County,0,0,0,0,0,"August 18, 2020"
Pending,11,320,283,37,0,"August 18, 2020"
Total**,29,7481,7144,256,81,"August 18, 2020"
"SOUTH COUNTY UNINCORPORATED AREA includes communities of Montecito, Summerland and the City of Carpinteria",1,168,160,2,6,"August 17, 2020"
CITY OF SANTA BARBARA and the unincorporated area of Mission Canyon,7,980,936,35,9,"August 17, 2020"
CITY OF GOLETA,3,185,174,8,3,"August 17, 2020"
COMMUNITY OF ISLA VISTA,1,127,103,24,0,"August 17, 2020"
UNINCORPORATED AREA OF THE GOLETA VALLEY AND GAVIOTA,1,131,126,4,1,"August 17, 2020"
"SANTA YNEZ VALLEY including the Cities of Solvang & Buellton, and the communities of Santa Ynez, Los Alamos, Los Olivos and Ballard",0,87,80,5,2,"August 17, 2020"
CITY OF LOMPOC and the communities of Mission Hills and Vandenberg Village,10,574,531,36,7,"August 17, 2020"
FEDERAL PRISON IN LOMPOC,0,1019,1016,0,3,"August 17, 2020"
CITY OF SANTA MARIA,34,3323,3173,108,42,"August 17, 2020"
COMMUNITY OF ORCUTT,3,240,230,6,4,"August 17, 2020"
"UNINCORPORATED AREAS of Sisquoc, Casmalia, Garey,  Cuyama, New Cuyama, and the City of Guadalupe",9,311,291,17,3,"August 17, 2020"
Out of County,0,0,0,0,0,"August 17, 2020"
Pending,7,309,276,33,0,"August 17, 2020"
Total**,76,7454,7096,278,80,"August 17, 2020"
"SOUTH COUNTY UNINCORPORATED AREA includes communities of Montecito, Summerland and the City of Carpinteria",1,167,157,4,6,"August 14, 2020"
CITY OF SANTA BARBARA and the unincorporated area of Mission Canyon,13,956,905,43,8,"August 14, 2020"
CITY OF GOLETA,4,174,164,7,3,"August 14, 2020"
COMMUNITY OF ISLA VISTA,12,116,92,24,0,"August 14, 2020"
UNINCORPORATED AREA OF THE GOLETA VALLEY AND GAVIOTA,2,127,120,6,1,"August 14, 2020"
"SANTA YNEZ VALLEY including the Cities of Solvang & Buellton, and the communities of Santa Ynez, Los Alamos, Los Olivos and Ballard",1,86,77,7,2,"August 14, 2020"
CITY OF LOMPOC and the communities of Mission Hills and Vandenberg Village,12,554,519,28,7,"August 14, 2020"
FEDERAL PRISON IN LOMPOC,0,1019,1016,0,3,"August 14, 2020"
CITY OF SANTA MARIA,60,3252,3091,121,40,"August 14, 2020"
COMMUNITY OF ORCUTT,3,233,223,6,4,"August 14, 2020"
"UNINCORPORATED AREAS of Sisquoc, Casmalia, Garey,  Cuyama, New Cuyama, and the City of Guadalupe",6,292,278,11,3,"August 14, 2020"
Out of County,0,0,0,0,0,"August 14, 2020"
Pending,23,298,265,33,0,"August 14, 2020"
Total**,137,7274,6907,290,77,"August 14, 2020"
"SOUTH COUNTY UNINCORPORATED AREA includes communities of Montecito, Summerland and the City of Carpinteria",0,165,156,3,6,"August 13, 2020"
CITY OF SANTA BARBARA and the unincorporated area of Mission Canyon,14,942,898,37,7,"August 13, 2020"
CITY OF GOLETA,3,172,164,5,3,"August 13, 2020"
COMMUNITY OF ISLA VISTA,9,103,86,17,0,"August 13, 2020"
UNINCORPORATED AREA OF THE GOLETA VALLEY AND GAVIOTA,0,125,119,5,1,"August 13, 2020"
"SANTA YNEZ VALLEY including the Cities of Solvang & Buellton, and the communities of Santa Ynez, Los Alamos, Los Olivos and Ballard",4,85,75,8,2,"August 13, 2020"
CITY OF LOMPOC and the communities of Mission Hills and Vandenberg Village,7,542,517,18,7,"August 13, 2020"
FEDERAL PRISON IN LOMPOC,0,1019,1016,0,3,"August 13, 2020"
CITY OF SANTA MARIA,28,3199,3073,86,40,"August 13, 2020"
COMMUNITY OF ORCUTT,2,229,219,7,3,"August 13, 2020"
"UNINCORPORATED AREAS of Sisquoc, Casmalia, Garey,  Cuyama, New Cuyama, and the City of Guadalupe",2,287,277,7,3,"August 13, 2020"
Out of County,0,0,0,0,0,"August 13, 2020"
Pending,6,280,266,14,0,"August 13, 2020"
Total**,75,7148,6866,207,75,"August 13, 2020"
"SOUTH COUNTY UNINCORPORATED AREA includes communities of Montecito, Summerland and the City of Carpinteria",0,166,153,7,6,"August 12, 2020"
CITY OF SANTA BARBARA and the unincorporated area of Mission Canyon,2,929,884,38,7,"August 12, 2020"
CITY OF GOLETA,0,169,159,7,3,"August 12, 2020"
COMMUNITY OF ISLA VISTA,1,97,83,14,0,"August 12, 2020"
UNINCORPORATED AREA OF THE GOLETA VALLEY AND GAVIOTA,0,125,116,8,1,"August 12, 2020"
"SANTA YNEZ VALLEY including the Cities of Solvang & Buellton, and the communities of Santa Ynez, Los Alamos, Los Olivos and Ballard",1,81,74,5,2,"August 12, 2020"
CITY OF LOMPOC and the communities of Mission Hills and Vandenberg Village,3,536,506,23,7,"August 12, 2020"
FEDERAL PRISON IN LOMPOC,0,1019,1016,0,3,"August 12, 2020"
CITY OF SANTA MARIA,2,3175,3030,106,39,"August 12, 2020"
COMMUNITY OF ORCUTT,1,227,214,10,3,"August 12, 2020"
"UNINCORPORATED AREAS of Sisquoc, Casmalia, Garey,  Cuyama, New Cuyama, and the City of Guadalupe",2,285,271,12,2,"August 12, 2020"
Out of County,0,0,0,0,0,"August 12, 2020"
Pending,4,274,255,19,0,"August 12, 2020"
Total**,16*,7083,6761,249,73,"August 12, 2020"
"SOUTH COUNTY UNINCORPORATED AREA includes communities of Montecito, Summerland and the City of Carpinteria",0,168,156,2,5,"August 11, 2020"
CITY OF SANTA BARBARA and the unincorporated area of Mission Canyon,13,928,867,54,7,"August 11, 2020"
CITY OF GOLETA,1,170,153,14,3,"August 11, 2020"
COMMUNITY OF ISLA VISTA,2,96,76,20,0,"August 11, 2020"
UNINCORPORATED AREA OF THE GOLETA VALLEY AND GAVIOTA,2,125,115,9,1,"August 11, 2020"
"SANTA YNEZ VALLEY including the Cities of Solvang & Buellton, and the communities of Santa Ynez, Los Alamos, Los Olivos and Ballard",0,80,74,4,2,"August 11, 2020"
CITY OF LOMPOC and the communities of Mission Hills and Vandenberg Village,5,533,496,30,7,"August 11, 2020"
FEDERAL PRISON IN LOMPOC,0,1019,1016,0,3,"August 11, 2020"
CITY OF SANTA MARIA,45,3176,3013,123,40,"August 11, 2020"
COMMUNITY OF ORCUTT,3,226,209,14,3,"August 11, 2020"
"UNINCORPORATED AREAS of Sisquoc, Casmalia, Garey,  Cuyama, New Cuyama, and the City of Guadalupe",4,283,268,13,2,"August 11, 2020"
Out of County,0,0,0,0,0,"August 11, 2020"
Pending,3,270,248,22,0,"August 11, 2020"
Total**,78,7074,6691,310,73,"August 11, 2020"
"SOUTH COUNTY UNINCORPORATED AREA includes communities of Montecito, Summerland and the City of Carpinteria",6,167,154,9,5,"August 10, 2020"
CITY OF SANTA BARBARA and the unincorporated area of Mission Canyon,30,915,860,49,6,"August 10, 2020"
CITY OF GOLETA,13,169,150,16,3,"August 10, 2020"
COMMUNITY OF ISLA VISTA,14,94,69,25,0,"August 10, 2020"
UNINCORPORATED AREA OF THE GOLETA VALLEY AND GAVIOTA,5,123,115,7,1,"August 10, 2020"
"SANTA YNEZ VALLEY including the Cities of Solvang & Buellton, and the communities of Santa Ynez, Los Alamos, Los Olivos and Ballard",2,80,74,4,2,"August 10, 2020"
CITY OF LOMPOC and the communities of Mission Hills and Vandenberg Village,20,528,489,32,7,"August 10, 2020"
FEDERAL PRISON IN LOMPOC,0,1019,1016,0,3,"August 10, 2020"
CITY OF SANTA MARIA,69,3129,2973,116,40,"August 10, 2020"
COMMUNITY OF ORCUTT,6,223,209,11,3,"August 10, 2020"
"UNINCORPORATED AREAS of Sisquoc, Casmalia, Garey,  Cuyama, New Cuyama, and the City of Guadalupe",6,279,263,14,2,"August 10, 2020"
Out of County,0,0,0,0,0,"August 10, 2020"
Pending,16,270,246,23,0,"August 10, 2020"
Total**,187,6996,6618,306,72,"August 10, 2020"
"SOUTH COUNTY UNINCORPORATED AREA includes communities of Montecito, Summerland and the City of Carpinteria",2,156,148,5,4,"August 7, 2020"
CITY OF SANTA BARBARA and the unincorporated area of Mission Canyon,5,876,833,37,6,"August 7, 2020"
CITY OF GOLETA,1,155,147,5,3,"August 7, 2020"
COMMUNITY OF ISLA VISTA,5,74,54,20,0,"August 7, 2020"
UNINCORPORATED AREA OF THE GOLETA VALLEY AND GAVIOTA,1,116,114,1,1,"August 7, 2020"
"SANTA YNEZ VALLEY including the Cities of Solvang & Buellton, and the communities of Santa Ynez, Los Alamos, Los Olivos and Ballard",1,75,72,1,2,"August 7, 2020"
CITY OF LOMPOC and the communities of Mission Hills and Vandenberg Village,8,499,466,26,7,"August 7, 2020"
FEDERAL PRISON IN LOMPOC,0,1019,1016,0,3,"August 7, 2020"
CITY OF SANTA MARIA,26,3012,2901,73,37,"August 7, 2020"
COMMUNITY OF ORCUTT,2,214,208,3,3,"August 7, 2020"
"UNINCORPORATED AREAS of Sisquoc, Casmalia, Garey,  Cuyama, New Cuyama, and the City of Guadalupe",2,269,261,6,2,"August 7, 2020"
Out of County,0,0,0,0,1,"August 7, 2020"
Pending,5,239,217,21,0,"August 7, 2020"
Total**,58,6704,6437,198,69,"August 7, 2020"
"SOUTH COUNTY UNINCORPORATED AREA includes communities of Montecito, Summerland and the City of Carpinteria",2,154,147,4,4,"August 6, 2020"
CITY OF SANTA BARBARA and the unincorporated area of Mission Canyon,6,871,825,40,6,"August 6, 2020"
CITY OF GOLETA,3,154,145,6,3,"August 6, 2020"
COMMUNITY OF ISLA VISTA,13,69,52,17,0,"August 6, 2020"
UNINCORPORATED AREA OF THE GOLETA VALLEY AND GAVIOTA,1,115,113,1,1,"August 6, 2020"
"SANTA YNEZ VALLEY including the Cities of Solvang & Buellton, and the communities of Santa Ynez, Los Alamos, Los Olivos and Ballard",0,74,72,0,2,"August 6, 2020"
CITY OF LOMPOC and the communities of Mission Hills and Vandenberg Village,5,491,460,24,7,"August 6, 2020"
FEDERAL PRISON IN LOMPOC,0,1019,1016,0,3,"August 6, 2020"
CITY OF SANTA MARIA,35,2990,2875,78,36,"August 6, 2020"
COMMUNITY OF ORCUTT,3,213,205,5,3,"August 6, 2020"
"UNINCORPORATED AREAS of Sisquoc, Casmalia, Garey,  Cuyama, New Cuyama, and the City of Guadalupe",1,267,260,5,2,"August 6, 2020"
Out of County,0,0,0,0,1,"August 6, 2020"
Pending,8,235,209,25,0,"August 6, 2020"
Total**,77,6652,6379,205,68,"August 6, 2020"
"SOUTH COUNTY UNINCORPORATED AREA includes communities of Montecito, Summerland and the City of Carpinteria",1,153,145,5,4,"August 5, 2020"
CITY OF SANTA BARBARA and the unincorporated area of Mission Canyon,17,866,813,48,5,"August 5, 2020"
CITY OF GOLETA,4,151,142,6,3,"August 5, 2020"
COMMUNITY OF ISLA VISTA,1,56,46,10,0,"August 5, 2020"
UNINCORPORATED AREA OF THE GOLETA VALLEY AND GAVIOTA,2,114,111,2,1,"August 5, 2020"
"SANTA YNEZ VALLEY including the Cities of Solvang & Buellton, and the communities of Santa Ynez, Los Alamos, Los Olivos and Ballard",0,74,72,0,2,"August 5, 2020"
CITY OF LOMPOC and the communities of Mission Hills and Vandenberg Village,6,486,456,23,7,"August 5, 2020"
FEDERAL PRISON IN LOMPOC,0,1019,1016,0,3,"August 5, 2020"
CITY OF SANTA MARIA,19,2960,2826,97,36,"August 5, 2020"
COMMUNITY OF ORCUTT,2,210,203,4,3,"August 5, 2020"
"UNINCORPORATED AREAS of Sisquoc, Casmalia, Garey,  Cuyama, New Cuyama, and the City of Guadalupe",2,266,260,4,2,"August 5, 2020"
Out of County,0,0,0,0,1,"August 5, 2020"
Pending,6,231,205,25,0,"August 5, 2020"
Total**,60,6586,6295,224,67,"August 5, 2020"
"SOUTH COUNTY UNINCORPORATED AREA includes communities of Montecito, Summerland and the City of Carpinteria",4,152,145,5,2,"August 4, 2020"
CITY OF SANTA BARBARA and the unincorporated area of Mission Canyon,29,849,797,47,5,"August 4, 2020"
CITY OF GOLETA,3,147,138,6,3,"August 4, 2020"
COMMUNITY OF ISLA VISTA,2,55,45,10,0,"August 4, 2020"
UNINCORPORATED AREA OF THE GOLETA VALLEY AND GAVIOTA,4,112,109,2,1,"August 4, 2020"
"SANTA YNEZ VALLEY including the Cities of Solvang & Buellton, and the communities of Santa Ynez, Los Alamos, Los Olivos and Ballard",0,74,71,1,2,"August 4, 2020"
CITY OF LOMPOC and the communities of Mission Hills and Vandenberg Village,1,480,450,23,7,"August 4, 2020"
FEDERAL PRISON IN LOMPOC,0,1019,1016,0,3,"August 4, 2020"
CITY OF SANTA MARIA,12,2941,2807,98,35,"August 4, 2020"
COMMUNITY OF ORCUTT,1,208,201,4,3,"August 4, 2020"
"UNINCORPORATED AREAS of Sisquoc, Casmalia, Garey,  Cuyama, New Cuyama, and the City of Guadalupe",0,264,255,7,2,"August 4, 2020"
Out of County,0,0,0,0,1,"August 4, 2020"
Pending,6,225,201,24,0,"August 4, 2020"
Total**,62,6526,6235,227,64,"August 4, 2020"
"SOUTH COUNTY UNINCORPORATED AREA includes communities of Montecito, Summerland and the City of Carpinteria",1 ,148,139,7,2,"August 3, 2020"
CITY OF SANTA BARBARA and the unincorporated area of Mission Canyon,4,820,774,41,5,"August 3, 2020"
CITY OF GOLETA,0,144,135,6,3,"August 3, 2020"
COMMUNITY OF ISLA VISTA,0,53,45,8,0,"August 3, 2020"
UNINCORPORATED AREA OF THE GOLETA VALLEY AND GAVIOTA,0,108,105,2,1,"August 3, 2020"
"SANTA YNEZ VALLEY including the Cities of Solvang & Buellton, and the communities of Santa Ynez, Los Alamos, Los Olivos and Ballard",0,74,71,1,2,"August 3, 2020"
CITY OF LOMPOC and the communities of Mission Hills and Vandenberg Village,2,479,448,25,6,"August 3, 2020"
FEDERAL PRISON IN LOMPOC,0,1019,1016,0,3,"August 3, 2020"
CITY OF SANTA MARIA,18,2929,2776,118,34,"August 3, 2020"
COMMUNITY OF ORCUTT,0,207,198,6,3,"August 3, 2020"
"UNINCORPORATED AREAS of Sisquoc, Casmalia, Garey,  Cuyama, New Cuyama, and the City of Guadalupe",2,264,254,9,1,"August 3, 2020"
Out of County,0,0,0,0,1,"August 3, 2020"
Pending,4,219,193,26,0,"August 3, 2020"
Total**,31,6464,6154,249,61,"August 3, 2020"
"SOUTH COUNTY UNINCORPORATED AREA includes communities of Montecito, Summerland and the City of Carpinteria",4 ,142,123,17,1,"July 31, 2020"
CITY OF SANTA BARBARA and the unincorporated area of Mission Canyon,5,768,719,44,6,"July 31, 2020"
CITY OF GOLETA,1,138,127,8,3,"July 31, 2020"
COMMUNITY OF ISLA VISTA,0,45,42,3,0,"July 31, 2020"
UNINCORPORATED AREA OF THE GOLETA VALLEY AND GAVIOTA,3,105,99,5,1,"July 31, 2020"
"SANTA YNEZ VALLEY including the Cities of Solvang & Buellton, and the communities of Santa Ynez, Los Alamos, Los Olivos and Ballard",0,71,65,4,2,"July 31, 2020"
CITY OF LOMPOC and the communities of Mission Hills and Vandenberg Village,4,447,414,27,6,"July 31, 2020"
FEDERAL PRISON IN LOMPOC,0,1011,1008,0,3,"July 31, 2020"
CITY OF SANTA MARIA,47,2789,2658,97,334,"July 31, 2020"
COMMUNITY OF ORCUTT,1,197,187,7,2,"July 31, 2020"
"UNINCORPORATED AREAS of Sisquoc, Casmalia, Garey,  Cuyama, New Cuyama, and the City of Guadalupe",2,253,240,12,1,"July 31, 2020"
Out of County,0,0,0,0,1,"July 31, 2020"
Pending,7,201,176,25,0,"July 31, 2020"
Total**,74,6167,5858,249,60,"July 31, 2020"
"SOUTH COUNTY UNINCORPORATED AREA includes communities of Montecito, Summerland and the City of Carpinteria",1 ,138,118,19,0,"July 30, 2020"
CITY OF SANTA BARBARA and the unincorporated area of Mission Canyon,9,763,713,48,3,"July 30, 2020"
CITY OF GOLETA,3,137,126,9,2,"July 30, 2020"
COMMUNITY OF ISLA VISTA,0,45,40,5,0,"July 30, 2020"
UNINCORPORATED AREA OF THE GOLETA VALLEY AND GAVIOTA,0,102,95,6,1,"July 30, 2020"
"SANTA YNEZ VALLEY including the Cities of Solvang & Buellton, and the communities of Santa Ynez, Los Alamos, Los Olivos and Ballard",4,71,67,4,0,"July 30, 2020"
CITY OF LOMPOC and the communities of Mission Hills and Vandenberg Village,11,442,414,24,4,"July 30, 2020"
FEDERAL PRISON IN LOMPOC,0,1011,1008,0,3,"July 30, 2020"
CITY OF SANTA MARIA,33,2742,2607,117,18,"July 30, 2020"
COMMUNITY OF ORCUTT,1,196,185,10,0,"July 30, 2020"
"UNINCORPORATED AREAS of Sisquoc, Casmalia, Garey,  Cuyama, New Cuyama, and the City of Guadalupe",1,251,237,14,0,"July 30, 2020"
Out of County,0,0,0,0,1,"July 30, 2020"
Pending,10,196,162,34,0,"July 30, 2020"
Total**,73,6094,5772,290,32,"July 30, 2020"
"SOUTH COUNTY UNINCORPORATED AREA includes communities of Montecito, Summerland and the City of Carpinteria",12,137,114,22,0,"July 29, 2020"
CITY OF SANTA BARBARA and the unincorporated area of Mission Canyon,20,754,695,57,3,"July 29, 2020"
CITY OF GOLETA,3,134,125,7,2,"July 29, 2020"
COMMUNITY OF ISLA VISTA,4,45,39,6,0,"July 29, 2020"
UNINCORPORATED AREA OF THE GOLETA VALLEY AND GAVIOTA,3,102,95,6,1,"July 29, 2020"
"SANTA YNEZ VALLEY including the Cities of Solvang & Buellton, and the communities of Santa Ynez, Los Alamos, Los Olivos and Ballard",0,67,64,3,0,"July 29, 2020"
CITY OF LOMPOC and the communities of Mission Hills and Vandenberg Village,6,431,393,34,4,"July 29, 2020"
FEDERAL PRISON IN LOMPOC,0,1011,1008,0,3,"July 29, 2020"
CITY OF SANTA MARIA,30,2709,2533,158,18,"July 29, 2020"
COMMUNITY OF ORCUTT,3,195,183,11,0,"July 29, 2020"
"UNINCORPORATED AREAS of Sisquoc, Casmalia, Garey,  Cuyama, New Cuyama, and the City of Guadalupe",4,250,232,18,0,"July 29, 2020"
Out of County,0,0,0,0,1,"July 29, 2020"
Pending,6,186,159,27,0,"July 29, 2020"
Total**,91,6021,5640,349,32,"July 29, 2020"
"SOUTH COUNTY UNINCORPORATED AREA includes communities of Montecito, Summerland and the City of Carpinteria",5,125,109,15,0,"July 28, 2020"
CITY OF SANTA BARBARA and the unincorporated area of Mission Canyon,22,734,688,44,3,"July 28, 2020"
CITY OF GOLETA,0,131,122,7,2,"July 28, 2020"
COMMUNITY OF ISLA VISTA,0,41,39,2,0,"July 28, 2020"
UNINCORPORATED AREA OF THE GOLETA VALLEY AND GAVIOTA,1,99,93,5,1,"July 28, 2020"
"SANTA YNEZ VALLEY including the Cities of Solvang & Buellton, and the communities of Santa Ynez, Los Alamos, Los Olivos and Ballard",0,67,63,4,0,"July 28, 2020"
CITY OF LOMPOC and the communities of Mission Hills and Vandenberg Village,9,425,386,35,4,"July 28, 2020"
FEDERAL PRISON IN LOMPOC,0,1011,1008,0,3,"July 28, 2020"
CITY OF SANTA MARIA,41,2677,2492,167,18,"July 28, 2020"
COMMUNITY OF ORCUTT,4,192,179,12,0,"July 28, 2020"
"UNINCORPORATED AREAS of Sisquoc, Casmalia, Garey,  Cuyama, New Cuyama, and the City of Guadalupe",7,246,228,18,0,"July 28, 2020"
Out of County,0,0,0,0,1,"July 28, 2020"
Pending,9,183,159,24,0,"July 28, 2020"
Total**,98,5931,5566,333,32,"July 28, 2020"
"SOUTH COUNTY UNINCORPORATED AREA includes communities of Montecito, Summerland and the City of Carpinteria",5,120,106,13,0,"July 27, 2020"
CITY OF SANTA BARBARA and the unincorporated area of Mission Canyon,5,706,667,37,3,"July 27, 2020"
CITY OF GOLETA,1,131,121,8,2,"July 27, 2020"
COMMUNITY OF ISLA VISTA,1,41,39,2,0,"July 27, 2020"
UNINCORPORATED AREA OF THE GOLETA VALLEY AND GAVIOTA,1,97,91,5,1,"July 27, 2020"
"SANTA YNEZ VALLEY including the Cities of Solvang & Buellton, and the communities of Santa Ynez, Los Alamos, Los Olivos and Ballard",0,66,61,5,0,"July 27, 2020"
CITY OF LOMPOC and the communities of Mission Hills and Vandenberg Village,11,415,380,31,4,"July 27, 2020"
FEDERAL PRISON IN LOMPOC,0,1011,1008,0,3,"July 27, 2020"
CITY OF SANTA MARIA,38,2622,2441,164,18,"July 27, 2020"
COMMUNITY OF ORCUTT,1,187,179,7,0,"July 27, 2020"
"UNINCORPORATED AREAS of Sisquoc, Casmalia, Garey,  Cuyama, New Cuyama, and the City of Guadalupe",3,237,224,13,0,"July 27, 2020"
Out of County,0,0,0,0,1,"July 27, 2020"
Pending,11,203,179,23,0,"July 27, 2020"
Total**,77,5836,5496,308,32,"July 27, 2020"
"SOUTH COUNTY UNINCORPORATED AREA includes communities of Montecito, Summerland and the City of Carpinteria",3,112,100,11,0,"July 24, 2020"
CITY OF SANTA BARBARA and the unincorporated area of Mission Canyon,12,667,618,47,3,"July 24, 2020"
CITY OF GOLETA,3,121,113,6,2,"July 24, 2020"
COMMUNITY OF ISLA VISTA,3,40,35,5,0,"July 24, 2020"
UNINCORPORATED AREA OF THE GOLETA VALLEY AND GAVIOTA,0,94,87,6,1,"July 24, 2020"
"SANTA YNEZ VALLEY including the Cities of Solvang & Buellton, and the communities of Santa Ynez, Los Alamos, Los Olivos and Ballard",2,63,56,7,0,"July 24, 2020"
CITY OF LOMPOC and the communities of Mission Hills and Vandenberg Village,12,382,339,39,4,"July 24, 2020"
FEDERAL PRISON IN LOMPOC,1,1011,1001,7,3,"July 24, 2020"
CITY OF SANTA MARIA,77,2496,2296,183,18,"July 24, 2020"
COMMUNITY OF ORCUTT,1,173,162,10,0,"July 24, 2020"
"UNINCORPORATED AREAS of Sisquoc, Casmalia, Garey,  Cuyama, New Cuyama, and the City of Guadalupe",7,229,214,15,0,"July 24, 2020"
Out of County,0,0,0,0,1,"July 24, 2020"
Pending,12,188,154,33,0,"July 24, 2020"
Total*,133,5576,5175,369,32,"July 24, 2020"
"SOUTH COUNTY UNINCORPORATED AREA includes communities of Montecito, Summerland and the City of Carpinteria",5,109,94,14,0,"July 23, 2020"
CITY OF SANTA BARBARA and the unincorporated area of Mission Canyon,11,655,601,52,3,"July 23, 2020"
CITY OF GOLETA,0,118,101,15,2,"July 23, 2020"
COMMUNITY OF ISLA VISTA,2,37,34,3,0,"July 23, 2020"
UNINCORPORATED AREA OF THE GOLETA VALLEY AND GAVIOTA,3,95,87,7,1,"July 23, 2020"
"SANTA YNEZ VALLEY including the Cities of Solvang & Buellton, and the communities of Santa Ynez, Los Alamos, Los Olivos and Ballard",2,61,54,7,0,"July 23, 2020"
CITY OF LOMPOC and the communities of Mission Hills and Vandenberg Village,16,370,325,41,4,"July 23, 2020"
FEDERAL PRISON IN LOMPOC,0,1010,1002,5,3,"July 23, 2020"
CITY OF SANTA MARIA,93,2420,2235,168,18,"July 23, 2020"
COMMUNITY OF ORCUTT,9,172,160,11,0,"July 23, 2020"
"UNINCORPORATED AREAS of Sisquoc, Casmalia, Garey,  Cuyama, New Cuyama, and the City of Guadalupe",10,222,206,16,0,"July 23, 2020"
Out of County,0,0,0,0,1,"July 23, 2020"
Pending,11,175,152,22,0,"July 23, 2020"
Total*,162,5444,5051,361,32,"July 23, 2020"
"SOUTH COUNTY UNINCORPORATED AREA includes communities of Montecito, Summerland and the City of Carpinteria",4,104,94,9,0,"July 22, 2020"
CITY OF SANTA BARBARA and the unincorporated area of Mission Canyon,32,644,605,37,3,"July 22, 2020"
CITY OF GOLETA,4,118,105,11,2,"July 22, 2020"
COMMUNITY OF ISLA VISTA,1,35,31,4,0,"July 22, 2020"
UNINCORPORATED AREA OF THE GOLETA VALLEY AND GAVIOTA,6,92,78,13,1,"July 22, 2020"
"SANTA YNEZ VALLEY including the Cities of Solvang & Buellton, and the communities of Santa Ynez, Los Alamos, Los Olivos and Ballard",1,59,51,8,0,"July 22, 2020"
CITY OF LOMPOC and the communities of Mission Hills and Vandenberg Village,21,354,308,42,4,"July 22, 2020"
FEDERAL PRISON IN LOMPOC,0,1010,999,8,3,"July 22, 2020"
CITY OF SANTA MARIA,63,2327,2143,167,18,"July 22, 2020"
COMMUNITY OF ORCUTT,6,163,150,12,0,"July 22, 2020"
"UNINCORPORATED AREAS of Sisquoc, Casmalia, Garey,  Cuyama, New Cuyama, and the City of Guadalupe",7,212,196,16,0,"July 22, 2020"
Out of County,0,0,0,0,1,"July 22, 2020"
Pending,15,164,140,23,0,"July 22, 2020"
Total*,160,5282,4900,350,32,"July 22, 2020"
"SOUTH COUNTY UNINCORPORATED AREA includes communities of Montecito, Summerland and the City of Carpinteria",4,100,87,12,0,"July 21, 2020"
CITY OF SANTA BARBARA and the unincorporated area of Mission Canyon,19,611,573,36,3,"July 21, 2020"
CITY OF GOLETA,3,114,103,9,2,"July 21, 2020"
COMMUNITY OF ISLA VISTA,3,34,32,2,0,"July 21, 2020"
UNINCORPORATED AREA OF THE GOLETA VALLEY AND GAVIOTA,2,86,73,12,1,"July 21, 2020"
"SANTA YNEZ VALLEY including the Cities of Solvang & Buellton, and the communities of Santa Ynez, Los Alamos, Los Olivos and Ballard",4,58,51,7,0,"July 21, 2020"
CITY OF LOMPOC and the communities of Mission Hills and Vandenberg Village,12,333,296,33,4,"July 21, 2020"
FEDERAL PRISON IN LOMPOC,1,1010,1002,5,3,"July 21, 2020"
CITY OF SANTA MARIA,66,2265,2112,136,18,"July 21, 2020"
COMMUNITY OF ORCUTT,6,157,144,12,0,"July 21, 2020"
"UNINCORPORATED AREAS of Sisquoc, Casmalia, Garey,  Cuyama, New Cuyama, and the City of Guadalupe",7,205,185,20,0,"July 21, 2020"
Out of County,0,0,0,0,1,"July 21, 2020"
Pending,8,151,139,11,0,"July 21, 2020"
Total*,135,5124,4797,295,32,"July 21, 2020"
"SOUTH COUNTY UNINCORPORATED AREA includes communities of Montecito, Summerland and the City of Carpinteria",1,96,83,12,0,"July 20, 2020"
CITY OF SANTA BARBARA and the unincorporated area of Mission Canyon,11,593,552,39,3,"July 20, 2020"
CITY OF GOLETA,5,111,100,9,2,"July 20, 2020"
COMMUNITY OF ISLA VISTA,0,31,31,0,0,"July 20, 2020"
UNINCORPORATED AREA OF THE GOLETA VALLEY AND GAVIOTA,2,84,77,6,1,"July 20, 2020"
"SANTA YNEZ VALLEY including the Cities of Solvang & Buellton, and the communities of Santa Ynez, Los Alamos, Los Olivos and Ballard",0,54,52,2,0,"July 20, 2020"
CITY OF LOMPOC and the communities of Mission Hills and Vandenberg Village,9,321,282,35,4,"July 20, 2020"
FEDERAL PRISON IN LOMPOC,2,1009,999,7,3,"July 20, 2020"
CITY OF SANTA MARIA,43,2199,2059,123,18,"July 20, 2020"
COMMUNITY OF ORCUTT,3,151,140,10,0,"July 20, 2020"
"UNINCORPORATED AREAS of Sisquoc, Casmalia, Garey,  Cuyama, New Cuyama, and the City of Guadalupe",2,199,184,15,0,"July 20, 2020"
Out of County,0,0,0,0,1,"July 20, 2020"
Pending,7,143,126,16,0,"July 20, 2020"
Total*,85,4991,4685,274,32,"July 20, 2020"
"SOUTH COUNTY UNINCORPORATED AREA includes communities of Montecito, Summerland and the City of Carpinteria",3,88,81,6,0,"July 17, 2020"
CITY OF SANTA BARBARA and the unincorporated area of Mission Canyon,19,562,509,51,3,"July 17, 2020"
CITY OF GOLETA,4,101,89,10,2,"July 17, 2020"
COMMUNITY OF ISLA VISTA,0,29,28,1,0,"July 17, 2020"
UNINCORPORATED AREA OF THE GOLETA VALLEY AND GAVIOTA,3,77,71,5,1,"July 17, 2020"
"SANTA YNEZ VALLEY including the Cities of Solvang & Buellton, and the communities of Santa Ynez, Los Alamos, Los Olivos and Ballard",2,51,41,10,0,"July 17, 2020"
CITY OF LOMPOC and the communities of Mission Hills and Vandenberg Village,18,288,241,43,4,"July 17, 2020"
FEDERAL PRISON IN LOMPOC,6,1007,997,7,3,"July 17, 2020"
CITY OF SANTA MARIA,69,2099,1862,220,18,"July 17, 2020"
COMMUNITY OF ORCUTT,5,143,131,11,0,"July 17, 2020"
"UNINCORPORATED AREAS of Sisquoc, Casmalia, Garey,  Cuyama, New Cuyama, and the City of Guadalupe",5,185,173,12,0,"July 17, 2020"
Out of County,0,0,0,0,1,"July 17, 2020"
Pending,3,129,103,25,0,"July 17, 2020"
Total*,137,4759,4326,401,32,"July 17, 2020"
"SOUTH COUNTY UNINCORPORATED AREA includes communities of Montecito, Summerland and the City of Carpinteria",4,85,80,4,0,"July 16, 2020"
CITY OF SANTA BARBARA and the unincorporated area of Mission Canyon,44,544,491,51,3,"July 16, 2020"
CITY OF GOLETA,5,98,89,7,2,"July 16, 2020"
COMMUNITY OF ISLA VISTA,1,29,27,2,0,"July 16, 2020"
UNINCORPORATED AREA OF THE GOLETA VALLEY AND GAVIOTA,5,74,66,7,1,"July 16, 2020"
"SANTA YNEZ VALLEY including the Cities of Solvang & Buellton, and the communities of Santa Ynez, Los Alamos, Los Olivos and Ballard",6,49,37,12,0,"July 16, 2020"
CITY OF LOMPOC and the communities of Mission Hills and Vandenberg Village,19,271,235,32,4,"July 16, 2020"
FEDERAL PRISON IN LOMPOC,1,1001,995,3,3,"July 16, 2020"
CITY OF SANTA MARIA,112,2036,1792,227,18,"July 16, 2020"
COMMUNITY OF ORCUTT,4,138,123,14,0,"July 16, 2020"
"UNINCORPORATED AREAS of Sisquoc, Casmalia, Garey,  Cuyama, New Cuyama, and the City of Guadalupe",8,180,163,17,0,"July 16, 2020"
Out of County,0,0,0,0,1,"July 16, 2020"
Pending,15,130,91,38,0,"July 16, 2020"
Total*,224,4635,4189,414,32,"July 16, 2020"
"SOUTH COUNTY UNINCORPORATED AREA includes communities of Montecito, Summerland and the City of Carpinteria",2,81,76,4,0,"July 15, 2020"
CITY OF SANTA BARBARA and the unincorporated area of Mission Canyon,10,500,456,42,3,"July 15, 2020"
CITY OF GOLETA,2,93,85,6,2,"July 15, 2020"
COMMUNITY OF ISLA VISTA,0,28,26,2,0,"July 15, 2020"
UNINCORPORATED AREA OF THE GOLETA VALLEY AND GAVIOTA,0,69,60,8,1,"July 15, 2020"
"SANTA YNEZ VALLEY including the Cities of Solvang & Buellton, and the communities of Santa Ynez, Los Alamos, Los Olivos and Ballard",4,43,35,8,0,"July 15, 2020"
CITY OF LOMPOC and the communities of Mission Hills and Vandenberg Village,6,252,223,25,4,"July 15, 2020"
FEDERAL PRISON IN LOMPOC,2,1000,997,0,3,"July 15, 2020"
CITY OF SANTA MARIA,47,1924,1714,193,18,"July 15, 2020"
COMMUNITY OF ORCUTT,3,134,123,10,0,"July 15, 2020"
"UNINCORPORATED AREAS of Sisquoc, Casmalia, Garey,  Cuyama, New Cuyama, and the City of Guadalupe",1,172,157,15,0,"July 15, 2020"
Out of County,0,0,0,0,1,"July 15, 2020"
Pending,12,116,94,21,0,"July 15, 2020"
Total*,89,3412,4046,334,32,"July 15, 2020"
"SOUTH COUNTY UNINCORPORATED AREA includes communities of Montecito, Summerland and the City of Carpinteria",2,79,75,3,0,"July 14, 2020"
CITY OF SANTA BARBARA and the unincorporated area of Mission Canyon,15,490,453,35,3,"July 14, 2020"
CITY OF GOLETA,5,90,78,10,2,"July 14, 2020"
COMMUNITY OF ISLA VISTA,0,28,28,0,0,"July 14, 2020"
UNINCORPORATED AREA OF THE GOLETA VALLEY AND GAVIOTA,1,69,61,7,1,"July 14, 2020"
"SANTA YNEZ VALLEY including the Cities of Solvang & Buellton, and the communities of Santa Ynez, Los Alamos, Los Olivos and Ballard",5,39,31,8,0,"July 14, 2020"
CITY OF LOMPOC and the communities of Mission Hills and Vandenberg Village,15,242,209,29,4,"July 14, 2020"
FEDERAL PRISON IN LOMPOC,0,998,995,1,3,"July 14, 2020"
CITY OF SANTA MARIA,113,1869,1632,220,18,"July 14, 2020"
COMMUNITY OF ORCUTT,8,131,118,12,0,"July 14, 2020"
"UNINCORPORATED AREAS of Sisquoc, Casmalia, Garey,  Cuyama, New Cuyama, and the City of Guadalupe",7,171,150,21,0,"July 14, 2020"
Out of County,0,0,0,0,0,"July 14, 2020"
Pending,13,117,91,26,0,"July 14, 2020"
Total*,184,4323,3921,371,31,"July 14, 2020"
"SOUTH COUNTY UNINCORPORATED AREA includes communities of Montecito, Summerland and the City of Carpinteria",1,77,69,7,0,"July 13, 2020"
CITY OF SANTA BARBARA and the unincorporated area of Mission Canyon,4,471,417,52,3,"July 13, 2020"
CITY OF GOLETA,1,85,71,12,2,"July 13, 2020"
COMMUNITY OF ISLA VISTA,1,28,24,4,0,"July 13, 2020"
UNINCORPORATED AREA OF THE GOLETA VALLEY AND GAVIOTA,2,68,61,6,1,"July 13, 2020"
"SANTA YNEZ VALLEY including the Cities of Solvang & Buellton, and the communities of Santa Ynez, Los Alamos, Los Olivos and Ballard",0,34,27,7,0,"July 13, 2020"
CITY OF LOMPOC and the communities of Mission Hills and Vandenberg Village,1,226,197,25,4,"July 13, 2020"
FEDERAL PRISON IN LOMPOC,0,998,994,1,3,"July 13, 2020"
CITY OF SANTA MARIA,38,1754,1570,167,18,"July 13, 2020"
COMMUNITY OF ORCUTT,2,123,108,14,0,"July 13, 2020"
"UNINCORPORATED AREAS of Sisquoc, Casmalia, Garey,  Cuyama, New Cuyama, and the City of Guadalupe",3,165,151,14,0,"July 13, 2020"
Out of County,0,0,0,0,0,"July 13, 2020"
Pending,3,111,91,20,0,"July 13, 2020"
Total*,56,4140,3780,329,31,"July 13, 2020"
"SOUTH COUNTY UNINCORPORATED AREA includes communities of Montecito, Summerland and the City of Carpinteria",1,73,65,7,0,"July 10, 2020"
CITY OF SANTA BARBARA and the unincorporated area of Mission Canyon,18,451,391,58,3,"July 10, 2020"
CITY OF GOLETA,0,82,67,13,2,"July 10, 2020"
COMMUNITY OF ISLA VISTA,1,27,21,6,0,"July 10, 2020"
UNINCORPORATED AREA OF THE GOLETA VALLEY AND GAVIOTA,2,61,53,7,1,"July 10, 2020"
"SANTA YNEZ VALLEY including the Cities of Solvang & Buellton, and the communities of Santa Ynez, Los Alamos, Los Olivos and Ballard",2,32,24,8,0,"July 10, 2020"
CITY OF LOMPOC and the communities of Mission Hills and Vandenberg Village,11,216,190,22,4,"July 10, 2020"
FEDERAL PRISON IN LOMPOC,0,998,994,1,3,"July 10, 2020"
CITY OF SANTA MARIA,31,1628,1439,172,18,"July 10, 2020"
COMMUNITY OF ORCUTT,2,113,102,10,0,"July 10, 2020"
"UNINCORPORATED AREAS of Sisquoc, Casmalia, Garey,  Cuyama, New Cuyama, and the City of Guadalupe",2,151,134,17,0,"July 10, 2020"
Out of County,0,0,0,0,0,"July 10, 2020"
Pending,5,99,75,24,0,"July 10, 2020"
Total*,75,3931,3555,345,31,"July 10, 2020"
"SOUTH COUNTY UNINCORPORATED AREA includes communities of Montecito, Summerland and the City of Carpinteria",0,72,60,11,0,"July 9, 2020"
CITY OF SANTA BARBARA and the unincorporated area of Mission Canyon,13,437,382,53,3,"July 9, 2020"
CITY OF GOLETA,3,82,68,12,2,"July 9, 2020"
COMMUNITY OF ISLA VISTA,0,26,23,3,0,"July 9, 2020"
UNINCORPORATED AREA OF THE GOLETA VALLEY AND GAVIOTA,1,59,52,6,1,"July 9, 2020"
"SANTA YNEZ VALLEY including the Cities of Solvang & Buellton, and the communities of Santa Ynez, Los Alamos, Los Olivos and Ballard",3,30,21,9,0,"July 9, 2020"
CITY OF LOMPOC and the communities of Mission Hills and Vandenberg Village,6,206,178,24,4,"July 9, 2020"
FEDERAL PRISON IN LOMPOC,0,998,994,1,3,"July 9, 2020"
CITY OF SANTA MARIA,33,1601,1397,189,16,"July 9, 2020"
COMMUNITY OF ORCUTT,0,111,95,15,0,"July 9, 2020"
"UNINCORPORATED AREAS of Sisquoc, Casmalia, Garey,  Cuyama, New Cuyama, and the City of Guadalupe",3,150,136,14,0,"July 9, 2020"
Out of County,0,0,0,0,0,"July 9, 2020"
Pending,5,96,73,23,0,"July 9, 2020"
Total*,67,3868,3479,360,29,"July 9, 2020"
"SOUTH COUNTY UNINCORPORATED AREA includes communities of Montecito, Summerland and the City of Carpinteria",2,72,57,14,0,"July 8, 2020"
CITY OF SANTA BARBARA and the unincorporated area of Mission Canyon,11,424,342,80,3,"July 8, 2020"
CITY OF GOLETA,4,79,67,10,2,"July 8, 2020"
COMMUNITY OF ISLA VISTA,0,26,20,6,0,"July 8, 2020"
UNINCORPORATED AREA OF THE GOLETA VALLEY AND GAVIOTA,1,58,46,11,1,"July 8, 2020"
"SANTA YNEZ VALLEY including the Cities of Solvang & Buellton, and the communities of Santa Ynez, Los Alamos, Los Olivos and Ballard",1,27,20,7,0,"July 8, 2020"
CITY OF LOMPOC and the communities of Mission Hills and Vandenberg Village,5,201,168,29,4,"July 8, 2020"
FEDERAL PRISON IN LOMPOC,0,984,981,0,3,"July 8, 2020"
CITY OF SANTA MARIA,73,1572,1331,226,16,"July 8, 2020"
COMMUNITY OF ORCUTT,4,111,93,17,0,"July 8, 2020"
"UNINCORPORATED AREAS of Sisquoc, Casmalia, Garey,  Cuyama, New Cuyama, and the City of Guadalupe",9,147,127,20,0,"July 8, 2020"
Out of County,0,0,0,0,0,"July 8, 2020"
Pending,11,107,83,24,0,"July 8, 2020"
Total*,121,3808,3335,444,29,"July 8, 2020"
